<?xml version="1.0" encoding="UTF-8"?>
<puzzle>
  <nom>Puzzle</nom>
  <largeur>10</largeur>
  <hauteur>6</hauteur>
  <taille>60</taille>
  <scaleApercu>0.5</scaleApercu>
  <pieces>
    <piece>
      <id>1</id>
      <cx>127</cx>
      <cy>152</cy>
      <largeur>254</largeur>
      <hauteur>304</hauteur>
    </piece>
    <piece>
      <id>2</id>
      <cx>360</cx>
      <cy>152</cy>
      <largeur>368</largeur>
      <hauteur>304</hauteur>
    </piece>
    <piece>
      <id>3</id>
      <cx>600</cx>
      <cy>152</cy>
      <largeur>268</largeur>
      <hauteur>304</hauteur>
    </piece>
    <piece>
      <id>4</id>
      <cx>815</cx>
      <cy>127</cy>
      <largeur>318</largeur>
      <hauteur>254</hauteur>
    </piece>
    <piece>
      <id>5</id>
      <cx>1080</cx>
      <cy>152</cy>
      <largeur>368</largeur>
      <hauteur>304</hauteur>
    </piece>
    <piece>
      <id>6</id>
      <cx>1320</cx>
      <cy>127</cy>
      <largeur>268</largeur>
      <hauteur>254</hauteur>
    </piece>
    <piece>
      <id>7</id>
      <cx>1560</cx>
      <cy>152</cy>
      <largeur>368</largeur>
      <hauteur>304</hauteur>
    </piece>
    <piece>
      <id>8</id>
      <cx>1825</cx>
      <cy>152</cy>
      <largeur>318</largeur>
      <hauteur>304</hauteur>
    </piece>
    <piece>
      <id>9</id>
      <cx>2065</cx>
      <cy>152</cy>
      <largeur>318</largeur>
      <hauteur>304</hauteur>
    </piece>
    <piece>
      <id>10</id>
      <cx>2273</cx>
      <cy>152</cy>
      <largeur>254</largeur>
      <hauteur>304</hauteur>
    </piece>
    <piece>
      <id>11</id>
      <cx>127</cx>
      <cy>385</cy>
      <largeur>254</largeur>
      <hauteur>318</hauteur>
    </piece>
    <piece>
      <id>12</id>
      <cx>360</cx>
      <cy>385</cy>
      <largeur>368</largeur>
      <hauteur>318</hauteur>
    </piece>
    <piece>
      <id>13</id>
      <cx>625</cx>
      <cy>385</cy>
      <largeur>318</largeur>
      <hauteur>318</hauteur>
    </piece>
    <piece>
      <id>14</id>
      <cx>865</cx>
      <cy>360</cy>
      <largeur>318</largeur>
      <hauteur>368</hauteur>
    </piece>
    <piece>
      <id>15</id>
      <cx>1105</cx>
      <cy>360</cy>
      <largeur>318</largeur>
      <hauteur>268</hauteur>
    </piece>
    <piece>
      <id>16</id>
      <cx>1345</cx>
      <cy>335</cy>
      <largeur>318</largeur>
      <hauteur>318</hauteur>
    </piece>
    <piece>
      <id>17</id>
      <cx>1560</cx>
      <cy>385</cy>
      <largeur>268</largeur>
      <hauteur>318</hauteur>
    </piece>
    <piece>
      <id>18</id>
      <cx>1800</cx>
      <cy>360</cy>
      <largeur>368</largeur>
      <hauteur>268</hauteur>
    </piece>
    <piece>
      <id>19</id>
      <cx>2040</cx>
      <cy>360</cy>
      <largeur>268</largeur>
      <hauteur>268</hauteur>
    </piece>
    <piece>
      <id>20</id>
      <cx>2248</cx>
      <cy>360</cy>
      <largeur>304</largeur>
      <hauteur>268</hauteur>
    </piece>
    <piece>
      <id>21</id>
      <cx>127</cx>
      <cy>625</cy>
      <largeur>254</largeur>
      <hauteur>318</hauteur>
    </piece>
    <piece>
      <id>22</id>
      <cx>360</cx>
      <cy>625</cy>
      <largeur>368</largeur>
      <hauteur>318</hauteur>
    </piece>
    <piece>
      <id>23</id>
      <cx>600</cx>
      <cy>625</cy>
      <largeur>268</largeur>
      <hauteur>318</hauteur>
    </piece>
    <piece>
      <id>24</id>
      <cx>815</cx>
      <cy>600</cy>
      <largeur>318</largeur>
      <hauteur>268</hauteur>
    </piece>
    <piece>
      <id>25</id>
      <cx>1055</cx>
      <cy>600</cy>
      <largeur>318</largeur>
      <hauteur>368</hauteur>
    </piece>
    <piece>
      <id>26</id>
      <cx>1320</cx>
      <cy>575</cy>
      <largeur>368</largeur>
      <hauteur>318</hauteur>
    </piece>
    <piece>
      <id>27</id>
      <cx>1560</cx>
      <cy>625</cy>
      <largeur>268</largeur>
      <hauteur>318</hauteur>
    </piece>
    <piece>
      <id>28</id>
      <cx>1775</cx>
      <cy>575</cy>
      <largeur>318</largeur>
      <hauteur>318</hauteur>
    </piece>
    <piece>
      <id>29</id>
      <cx>2040</cx>
      <cy>575</cy>
      <largeur>368</largeur>
      <hauteur>318</hauteur>
    </piece>
    <piece>
      <id>30</id>
      <cx>2273</cx>
      <cy>600</cy>
      <largeur>254</largeur>
      <hauteur>368</hauteur>
    </piece>
    <piece>
      <id>31</id>
      <cx>152</cx>
      <cy>865</cy>
      <largeur>304</largeur>
      <hauteur>318</hauteur>
    </piece>
    <piece>
      <id>32</id>
      <cx>385</cx>
      <cy>840</cy>
      <largeur>318</largeur>
      <hauteur>268</hauteur>
    </piece>
    <piece>
      <id>33</id>
      <cx>600</cx>
      <cy>865</cy>
      <largeur>268</largeur>
      <hauteur>318</hauteur>
    </piece>
    <piece>
      <id>34</id>
      <cx>840</cx>
      <cy>815</cy>
      <largeur>368</largeur>
      <hauteur>318</hauteur>
    </piece>
    <piece>
      <id>35</id>
      <cx>1080</cx>
      <cy>865</cy>
      <largeur>268</largeur>
      <hauteur>318</hauteur>
    </piece>
    <piece>
      <id>36</id>
      <cx>1295</cx>
      <cy>840</cy>
      <largeur>318</largeur>
      <hauteur>368</hauteur>
    </piece>
    <piece>
      <id>37</id>
      <cx>1560</cx>
      <cy>840</cy>
      <largeur>368</largeur>
      <hauteur>268</hauteur>
    </piece>
    <piece>
      <id>38</id>
      <cx>1825</cx>
      <cy>840</cy>
      <largeur>318</largeur>
      <hauteur>368</hauteur>
    </piece>
    <piece>
      <id>39</id>
      <cx>2065</cx>
      <cy>815</cy>
      <largeur>318</largeur>
      <hauteur>318</hauteur>
    </piece>
    <piece>
      <id>40</id>
      <cx>2273</cx>
      <cy>865</cy>
      <largeur>254</largeur>
      <hauteur>318</hauteur>
    </piece>
    <piece>
      <id>41</id>
      <cx>152</cx>
      <cy>1080</cy>
      <largeur>304</largeur>
      <hauteur>268</hauteur>
    </piece>
    <piece>
      <id>42</id>
      <cx>385</cx>
      <cy>1080</cy>
      <largeur>318</largeur>
      <hauteur>368</hauteur>
    </piece>
    <piece>
      <id>43</id>
      <cx>625</cx>
      <cy>1080</cy>
      <largeur>318</largeur>
      <hauteur>268</hauteur>
    </piece>
    <piece>
      <id>44</id>
      <cx>865</cx>
      <cy>1055</cy>
      <largeur>318</largeur>
      <hauteur>318</hauteur>
    </piece>
    <piece>
      <id>45</id>
      <cx>1105</cx>
      <cy>1105</cy>
      <largeur>318</largeur>
      <hauteur>318</hauteur>
    </piece>
    <piece>
      <id>46</id>
      <cx>1320</cx>
      <cy>1105</cy>
      <largeur>268</largeur>
      <hauteur>318</hauteur>
    </piece>
    <piece>
      <id>47</id>
      <cx>1535</cx>
      <cy>1080</cy>
      <largeur>318</largeur>
      <hauteur>368</hauteur>
    </piece>
    <piece>
      <id>48</id>
      <cx>1775</cx>
      <cy>1105</cy>
      <largeur>318</largeur>
      <hauteur>318</hauteur>
    </piece>
    <piece>
      <id>49</id>
      <cx>2015</cx>
      <cy>1055</cy>
      <largeur>318</largeur>
      <hauteur>318</hauteur>
    </piece>
    <piece>
      <id>50</id>
      <cx>2248</cx>
      <cy>1105</cy>
      <largeur>304</largeur>
      <hauteur>318</hauteur>
    </piece>
    <piece>
      <id>51</id>
      <cx>127</cx>
      <cy>1288</cy>
      <largeur>254</largeur>
      <hauteur>304</hauteur>
    </piece>
    <piece>
      <id>52</id>
      <cx>335</cx>
      <cy>1313</cy>
      <largeur>318</largeur>
      <hauteur>254</hauteur>
    </piece>
    <piece>
      <id>53</id>
      <cx>600</cx>
      <cy>1288</cy>
      <largeur>368</largeur>
      <hauteur>304</hauteur>
    </piece>
    <piece>
      <id>54</id>
      <cx>865</cx>
      <cy>1288</cy>
      <largeur>318</largeur>
      <hauteur>304</hauteur>
    </piece>
    <piece>
      <id>55</id>
      <cx>1105</cx>
      <cy>1313</cy>
      <largeur>318</largeur>
      <hauteur>254</hauteur>
    </piece>
    <piece>
      <id>56</id>
      <cx>1320</cx>
      <cy>1313</cy>
      <largeur>268</largeur>
      <hauteur>254</hauteur>
    </piece>
    <piece>
      <id>57</id>
      <cx>1560</cx>
      <cy>1313</cy>
      <largeur>368</largeur>
      <hauteur>254</hauteur>
    </piece>
    <piece>
      <id>58</id>
      <cx>1800</cx>
      <cy>1313</cy>
      <largeur>268</largeur>
      <hauteur>254</hauteur>
    </piece>
    <piece>
      <id>59</id>
      <cx>2015</cx>
      <cy>1288</cy>
      <largeur>318</largeur>
      <hauteur>304</hauteur>
    </piece>
    <piece>
      <id>60</id>
      <cx>2248</cx>
      <cy>1313</cy>
      <largeur>304</largeur>
      <hauteur>254</hauteur>
    </piece>
  </pieces>
</puzzle>

