<?xml version="1.0" encoding="UTF-8"?>
<puzzle>
  <nom>Puzzle</nom>
  <largeur>7</largeur>
  <hauteur>6</hauteur>
  <taille>42</taille>
  <scaleApercu>0.5</scaleApercu>
  <tapis>
    <largeur>2000</largeur>
    <hauteur>2000</hauteur>
    <color>
      <r>100</r>
      <g>100</g>
      <b>100</b>
    </color>
  </tapis>
  <set>
    <cote>240</cote>
    <varMin>14</varMin>
    <varMax>64</varMax>
    <scale>2.0</scale>
  </set>
  <pieces>
    <piece>
      <id>1</id>
      <x>0</x>
      <y>0</y>
      <cx>152</cx>
      <cy>152</cy>
      <largeur>304</largeur>
      <hauteur>304</hauteur>
    </piece>
    <piece>
      <id>2</id>
      <x>226</x>
      <y>0</y>
      <cx>385</cx>
      <cy>152</cy>
      <largeur>318</largeur>
      <hauteur>304</hauteur>
    </piece>
    <piece>
      <id>3</id>
      <x>466</x>
      <y>0</y>
      <cx>625</cx>
      <cy>152</cy>
      <largeur>318</largeur>
      <hauteur>304</hauteur>
    </piece>
    <piece>
      <id>4</id>
      <x>706</x>
      <y>0</y>
      <cx>840</cx>
      <cy>152</cy>
      <largeur>268</largeur>
      <hauteur>304</hauteur>
    </piece>
    <piece>
      <id>5</id>
      <x>896</x>
      <y>0</y>
      <cx>1080</cx>
      <cy>152</cy>
      <largeur>368</largeur>
      <hauteur>304</hauteur>
    </piece>
    <piece>
      <id>6</id>
      <x>1186</x>
      <y>0</y>
      <cx>1320</cx>
      <cy>152</cy>
      <largeur>268</largeur>
      <hauteur>304</hauteur>
    </piece>
    <piece>
      <id>7</id>
      <x>1376</x>
      <y>0</y>
      <cx>1528</cx>
      <cy>152</cy>
      <largeur>304</largeur>
      <hauteur>304</hauteur>
    </piece>
    <piece>
      <id>8</id>
      <x>0</x>
      <y>226</y>
      <cx>152</cx>
      <cy>385</cy>
      <largeur>304</largeur>
      <hauteur>318</hauteur>
    </piece>
    <piece>
      <id>9</id>
      <x>226</x>
      <y>226</y>
      <cx>360</cx>
      <cy>385</cy>
      <largeur>268</largeur>
      <hauteur>318</hauteur>
    </piece>
    <piece>
      <id>10</id>
      <x>416</x>
      <y>226</y>
      <cx>575</cx>
      <cy>360</cy>
      <largeur>318</largeur>
      <hauteur>268</hauteur>
    </piece>
    <piece>
      <id>11</id>
      <x>656</x>
      <y>226</y>
      <cx>815</cx>
      <cy>360</cy>
      <largeur>318</largeur>
      <hauteur>268</hauteur>
    </piece>
    <piece>
      <id>12</id>
      <x>896</x>
      <y>226</y>
      <cx>1055</cx>
      <cy>385</cy>
      <largeur>318</largeur>
      <hauteur>318</hauteur>
    </piece>
    <piece>
      <id>13</id>
      <x>1136</x>
      <y>226</y>
      <cx>1320</cx>
      <cy>360</cy>
      <largeur>368</largeur>
      <hauteur>268</hauteur>
    </piece>
    <piece>
      <id>14</id>
      <x>1426</x>
      <y>226</y>
      <cx>1553</cx>
      <cy>360</cy>
      <largeur>254</largeur>
      <hauteur>268</hauteur>
    </piece>
    <piece>
      <id>15</id>
      <x>0</x>
      <y>466</y>
      <cx>127</cx>
      <cy>625</cy>
      <largeur>254</largeur>
      <hauteur>318</hauteur>
    </piece>
    <piece>
      <id>16</id>
      <x>176</x>
      <y>466</y>
      <cx>335</cx>
      <cy>625</cy>
      <largeur>318</largeur>
      <hauteur>318</hauteur>
    </piece>
    <piece>
      <id>17</id>
      <x>416</x>
      <y>416</y>
      <cx>575</cx>
      <cy>575</cy>
      <largeur>318</largeur>
      <hauteur>318</hauteur>
    </piece>
    <piece>
      <id>18</id>
      <x>656</x>
      <y>416</y>
      <cx>815</cx>
      <cy>575</cy>
      <largeur>318</largeur>
      <hauteur>318</hauteur>
    </piece>
    <piece>
      <id>19</id>
      <x>896</x>
      <y>466</y>
      <cx>1055</cx>
      <cy>600</cy>
      <largeur>318</largeur>
      <hauteur>268</hauteur>
    </piece>
    <piece>
      <id>20</id>
      <x>1136</x>
      <y>416</y>
      <cx>1320</cx>
      <cy>600</cy>
      <largeur>368</largeur>
      <hauteur>368</hauteur>
    </piece>
    <piece>
      <id>21</id>
      <x>1426</x>
      <y>416</y>
      <cx>1553</cx>
      <cy>575</cy>
      <largeur>254</largeur>
      <hauteur>318</hauteur>
    </piece>
    <piece>
      <id>22</id>
      <x>0</x>
      <y>706</y>
      <cx>127</cx>
      <cy>840</cy>
      <largeur>254</largeur>
      <hauteur>268</hauteur>
    </piece>
    <piece>
      <id>23</id>
      <x>176</x>
      <y>706</y>
      <cx>335</cx>
      <cy>865</cy>
      <largeur>318</largeur>
      <hauteur>318</hauteur>
    </piece>
    <piece>
      <id>24</id>
      <x>416</x>
      <y>656</y>
      <cx>600</cx>
      <cy>815</cy>
      <largeur>368</largeur>
      <hauteur>318</hauteur>
    </piece>
    <piece>
      <id>25</id>
      <x>706</x>
      <y>656</y>
      <cx>840</cx>
      <cy>840</cy>
      <largeur>268</largeur>
      <hauteur>368</hauteur>
    </piece>
    <piece>
      <id>26</id>
      <x>896</x>
      <y>656</y>
      <cx>1055</cx>
      <cy>815</cy>
      <largeur>318</largeur>
      <hauteur>318</hauteur>
    </piece>
    <piece>
      <id>27</id>
      <x>1136</x>
      <y>706</y>
      <cx>1295</cx>
      <cy>865</cy>
      <largeur>318</largeur>
      <hauteur>318</hauteur>
    </piece>
    <piece>
      <id>28</id>
      <x>1376</x>
      <y>656</y>
      <cx>1528</cx>
      <cy>840</cy>
      <largeur>304</largeur>
      <hauteur>368</hauteur>
    </piece>
    <piece>
      <id>29</id>
      <x>0</x>
      <y>896</y>
      <cx>127</cx>
      <cy>1080</cy>
      <largeur>254</largeur>
      <hauteur>368</hauteur>
    </piece>
    <piece>
      <id>30</id>
      <x>176</x>
      <y>946</y>
      <cx>335</cx>
      <cy>1105</cy>
      <largeur>318</largeur>
      <hauteur>318</hauteur>
    </piece>
    <piece>
      <id>31</id>
      <x>416</x>
      <y>896</y>
      <cx>575</cx>
      <cy>1080</cy>
      <largeur>318</largeur>
      <hauteur>368</hauteur>
    </piece>
    <piece>
      <id>32</id>
      <x>656</x>
      <y>946</y>
      <cx>815</cx>
      <cy>1105</cy>
      <largeur>318</largeur>
      <hauteur>318</hauteur>
    </piece>
    <piece>
      <id>33</id>
      <x>896</x>
      <y>896</y>
      <cx>1055</cx>
      <cy>1080</cy>
      <largeur>318</largeur>
      <hauteur>368</hauteur>
    </piece>
    <piece>
      <id>34</id>
      <x>1136</x>
      <y>946</y>
      <cx>1320</cx>
      <cy>1080</cy>
      <largeur>368</largeur>
      <hauteur>268</hauteur>
    </piece>
    <piece>
      <id>35</id>
      <x>1426</x>
      <y>946</y>
      <cx>1553</cx>
      <cy>1080</cy>
      <largeur>254</largeur>
      <hauteur>268</hauteur>
    </piece>
    <piece>
      <id>36</id>
      <x>0</x>
      <y>1186</y>
      <cx>127</cx>
      <cy>1313</cy>
      <largeur>254</largeur>
      <hauteur>254</hauteur>
    </piece>
    <piece>
      <id>37</id>
      <x>176</x>
      <y>1186</y>
      <cx>360</cx>
      <cy>1313</cy>
      <largeur>368</largeur>
      <hauteur>254</hauteur>
    </piece>
    <piece>
      <id>38</id>
      <x>466</x>
      <y>1186</y>
      <cx>600</cx>
      <cy>1313</cy>
      <largeur>268</largeur>
      <hauteur>254</hauteur>
    </piece>
    <piece>
      <id>39</id>
      <x>656</x>
      <y>1186</y>
      <cx>815</cx>
      <cy>1313</cy>
      <largeur>318</largeur>
      <hauteur>254</hauteur>
    </piece>
    <piece>
      <id>40</id>
      <x>896</x>
      <y>1186</y>
      <cx>1055</cx>
      <cy>1313</cy>
      <largeur>318</largeur>
      <hauteur>254</hauteur>
    </piece>
    <piece>
      <id>41</id>
      <x>1136</x>
      <y>1136</y>
      <cx>1295</cx>
      <cy>1288</cy>
      <largeur>318</largeur>
      <hauteur>304</hauteur>
    </piece>
    <piece>
      <id>42</id>
      <x>1376</x>
      <y>1136</y>
      <cx>1528</cx>
      <cy>1288</cy>
      <largeur>304</largeur>
      <hauteur>304</hauteur>
    </piece>
  </pieces>
</puzzle>

