<?xml version="1.0" encoding="UTF-8"?>
<puzzle>
  <nom>Puzzle</nom>
  <largeur>5</largeur>
  <hauteur>4</hauteur>
  <taille>20</taille>
  <scaleApercu>0.5</scaleApercu>
  <tapis>
    <largeur>2000</largeur>
    <hauteur>2000</hauteur>
    <color>
      <r>100</r>
      <g>100</g>
      <b>100</b>
    </color>
  </tapis>
  <set>
    <cote>240</cote>
    <varMin>14</varMin>
    <varMax>64</varMax>
    <scale>2.0</scale>
  </set>
  <pieces>
    <piece>
      <id>1</id>
      <x>0</x>
      <y>0</y>
      <largeur>304</largeur>
      <hauteur>304</hauteur>
      <cx>152</cx>
      <cy>152</cy>
    </piece>
    <piece>
      <id>2</id>
      <x>226</x>
      <y>0</y>
      <largeur>318</largeur>
      <hauteur>304</hauteur>
      <cx>385</cx>
      <cy>152</cy>
    </piece>
    <piece>
      <id>3</id>
      <x>466</x>
      <y>0</y>
      <largeur>268</largeur>
      <hauteur>304</hauteur>
      <cx>600</cx>
      <cy>152</cy>
    </piece>
    <piece>
      <id>4</id>
      <x>656</x>
      <y>0</y>
      <largeur>368</largeur>
      <hauteur>304</hauteur>
      <cx>840</cx>
      <cy>152</cy>
    </piece>
    <piece>
      <id>5</id>
      <x>946</x>
      <y>0</y>
      <largeur>254</largeur>
      <hauteur>304</hauteur>
      <cx>1073</cx>
      <cy>152</cy>
    </piece>
    <piece>
      <id>6</id>
      <x>0</x>
      <y>226</y>
      <largeur>304</largeur>
      <hauteur>268</hauteur>
      <cx>152</cx>
      <cy>360</cy>
    </piece>
    <piece>
      <id>7</id>
      <x>226</x>
      <y>226</y>
      <largeur>268</largeur>
      <hauteur>268</hauteur>
      <cx>360</cx>
      <cy>360</cy>
    </piece>
    <piece>
      <id>8</id>
      <x>416</x>
      <y>226</y>
      <largeur>368</largeur>
      <hauteur>268</hauteur>
      <cx>600</cx>
      <cy>360</cy>
    </piece>
    <piece>
      <id>9</id>
      <x>706</x>
      <y>226</y>
      <largeur>268</largeur>
      <hauteur>318</hauteur>
      <cx>840</cx>
      <cy>385</cy>
    </piece>
    <piece>
      <id>10</id>
      <x>896</x>
      <y>226</y>
      <largeur>304</largeur>
      <hauteur>318</hauteur>
      <cx>1048</cx>
      <cy>385</cy>
    </piece>
    <piece>
      <id>11</id>
      <x>0</x>
      <y>416</y>
      <largeur>304</largeur>
      <hauteur>318</hauteur>
      <cx>152</cx>
      <cy>575</cy>
    </piece>
    <piece>
      <id>12</id>
      <x>226</x>
      <y>416</y>
      <largeur>268</largeur>
      <hauteur>318</hauteur>
      <cx>360</cx>
      <cy>575</cy>
    </piece>
    <piece>
      <id>13</id>
      <x>416</x>
      <y>416</y>
      <largeur>368</largeur>
      <hauteur>318</hauteur>
      <cx>600</cx>
      <cy>575</cy>
    </piece>
    <piece>
      <id>14</id>
      <x>706</x>
      <y>466</y>
      <largeur>268</largeur>
      <hauteur>318</hauteur>
      <cx>840</cx>
      <cy>625</cy>
    </piece>
    <piece>
      <id>15</id>
      <x>896</x>
      <y>466</y>
      <largeur>304</largeur>
      <hauteur>268</hauteur>
      <cx>1048</cx>
      <cy>600</cy>
    </piece>
    <piece>
      <id>16</id>
      <x>0</x>
      <y>656</y>
      <largeur>254</largeur>
      <hauteur>304</hauteur>
      <cx>127</cx>
      <cy>808</cy>
    </piece>
    <piece>
      <id>17</id>
      <x>176</x>
      <y>656</y>
      <largeur>318</largeur>
      <hauteur>304</hauteur>
      <cx>335</cx>
      <cy>808</cy>
    </piece>
    <piece>
      <id>18</id>
      <x>416</x>
      <y>656</y>
      <largeur>368</largeur>
      <hauteur>304</hauteur>
      <cx>600</cx>
      <cy>808</cy>
    </piece>
    <piece>
      <id>19</id>
      <x>706</x>
      <y>706</y>
      <largeur>318</largeur>
      <hauteur>254</hauteur>
      <cx>865</cx>
      <cy>833</cy>
    </piece>
    <piece>
      <id>20</id>
      <x>946</x>
      <y>656</y>
      <largeur>254</largeur>
      <hauteur>304</hauteur>
      <cx>1073</cx>
      <cy>808</cy>
    </piece>
  </pieces>
</puzzle>

